"2014-07-21-05:19:26.472720","2824","REFEAHCSNELL","0","2014-07-25","","DARBYKE","25C6","675 CASSIE INLET SONYABERG TM46 3QT DUMFRIES AND GALLOWAY","(N/A) AKA DARBY NOLAN RACING DRIVER","","WEST MARYBOROUGH COUNTY COURT 572 OF 2015","","",""
"2015-01-12-10:02:06.467991","2136","ARAHODNOMAID","0","2014-11-03","","VIOLA","25C761","292 MALACHI ROADS FEENEYCHESTER NORTH THORACHESTER PW75 9IY HUMBERSIDE","(N/A) AKA MICAELA LUETTGEN CARETAKER","","PORT HOLLIEBURY COUNTY COURT 597 OF 2015","","",""
"2015-02-16-13:33:09.763619","2534","SORUOPSAIHTA","0","2015-02-24","","CADENM","25C7","2425 JAST POINTS PORT RICKEYMOUTH SA33 7UA COUNTY FERMANAGH","(N/A) AKA CADEN WYMAN AKA CADEN ROLFSON MONEYLENDER","","SANTABOROUGH COUNTY COURT 164 OF 2015","","",""
"2014-07-06-02:44:51.838562","2251","NIKRALEISSED","0","2014-12-17","","MARJOLAINE","2AC6","9978 PROVIDENCI SHOAL PORT ESTELLATOWN ES58 1JL LANCASHIRE","(N/A) CHILDCARE WORKER","","NORTH LAILAVILLE COUNTY COURT 917 OF 2015","","",""
"2015-05-29-07:18:13.573573","2098","IRERTSILABAI","0","2014-09-17","","ADELINEMARC","27C6","6516 RUSSEL BURG ADELLESIDE VELLALAND XG06 0CH NORTHUMBERLAND","(N/A) AKA ADELINE ANDERSON AKA MARCIA ADELINE BALISTRERI CHAUFFEUR","","SOUTH MANDYPORT COUNTY COURT 488 OF 2015","","",""
"2014-09-29-01:26:10.066034","2597","NOTRABNOSAM","0","2015-01-01","","","C5","22875 TORP STREAM RUNOLFSDOTTIRBOROUGH PORT JAYDENBURY ER84 5LB NORFOLK","(N/A) AKA JIMMY SCHMITT AKA CELINE BARTON CASHIER","","SOUTH ERICKA COUNTY COURT 511 OF 2015","","",""
"2014-08-04-03:54:46.126288","2675","ATAREMMUCEIZ","0","2014-11-19","","AMBROSEMACKEN","27C9","7240 ADRIEN RUE NEW DOCK KM38 8TO COUNTY ARMAGH","(N/A) AKA AMBROSE CUMMERATA ASSEMBLY LINE WORKER","","BECHTELARCHESTER COUNTY COURT 40 OF 2015","","",""
"2015-04-21-18:13:44.264031","2942","REDLEFNEERGO","0","2014-12-16","","PEDR","C5","21117 DOYLE BYPASS NORTH GREGORIABURY XS44 8HN WEST MIDLANDS","(N/A) SOCIAL WORKER","","SOUTH MAXIMILLIA COUNTY COURT 998 OF 2015","","",""
"2014-12-06-09:39:20.237125","2466","GNIKYERDUA","0","2014-12-25","","","C6","47721 PFANNERSTILL TERRACE PORT MERRITT EAST KAMILLE FT47 3RH MERSEYSIDE","(N/A) AKA NYASIA KING AKA SAUL KING ENGINEER","","BERNIERSTAD COUNTY COURT 968 OF 2015","","",""
"2014-11-01-05:56:04.228085","2617","NAHAEBARYMOH","0","2014-08-27","","IRWINOT","2524C4","7971 OSINSKI DRIVES ZELLATOWN AUDREYMOUTH PM11 1QW STRATHCLYDE","(N/A) FILM DIRECTOR","","LAKE BROOKS COUNTY COURT 194 OF 2015","","",""
