"2015-04-15 17:43:15.527417","2234","","YDRUPYDDERFD","0","2014-11-11","PA(B)","STANFOR","28C6","","52413 LILYAN PINE EAST ILIANA FA16 0XD BERKSHIRE","(N/A) HANDYMAN","","NORTH JAMEYSHIRE COUNTY COURT 677 OF 2015","","",""
"2014-12-18 09:39:53.467277","2522","","YELIABEGDIRD","0","2014-10-20","WO(B)","SYDNEEEL","26C8","","630 BETSY FORKS DACHPORT KAUTZERLAND JQ73 5PW WARWICKSHIRE","(N/A) AKA ELDRIDGE SYDNEE BAILEY COMPUTER PROGRAMMER","","FELTONBOROUGH COUNTY COURT 593 OF 2015","","",""
"2014-11-18 01:28:10.589893","2808","","NUARBECIRBTN","0","2015-02-28","PA(B)","CLI","25C5","","37808 DAX ROADS LAKE MARGE NORTH ARACELISHIRE JB55 6HN GWENT","(N/A) AKA ALEX BRAUN T/A MATDEXON","","NORTH ARMANDO COUNTY COURT 659 OF 2015","","",""
"2015-03-02 03:04:47.355014","2657","","EDOBDRALLIHE","0","2015-05-10","PA(B)","DAYN","25C7","","43376 ROSENBAUM FOREST JAIDATOWN JF97 8IY TYNE AND WEAR","(N/A) AKA DAYNE SATTERFIELD AKA DAYNE BODE LOCK KEEPER","","SOUTH DEBORAHTON COUNTY COURT 158 OF 2015","","",""
"2014-07-29 18:39:14.718979","2280","","KCOLBNITSUA","0","2014-07-24","PA(B)","","C6","","4142 NAT MISSION WATSONVIEW PX60 5PF COUNTY ANTRIM","(N/A) MORTICIAN","","KLEINMOUTH COUNTY COURT 338 OF 2015","","",""
"2014-11-01 11:01:31.384764","2499","","MAHARGANERES","0","2014-10-18","WO(B)","","C6","","678 BARTOLETTI ISLAND JESUSFORT RO67 6EV CAMBRIDGESHIRE","(N/A) AKA HARRISON GRAHAM AKA CECILE BASHIRIAN AROMATHERAPIST","","SOUTH JAZMYNE COUNTY COURT 476 OF 2015","","",""
"2015-05-29 14:28:30.780926","2130","","NUARBODLAWSO","0","2014-11-22","WO(B)","","C7","","90853 ONIE OVERPASS DARRELLSHIRE SOUTH KASANDRA BN66 3IM COUNTY DOWN","(N/A) AKA VIDA BRAUN MONEYLENDER T/A OPENHOLDING","","ADOLPHLAND COUNTY COURT 49 OF 2015","","",""
"2015-07-01 08:07:00.586750","2039","","NNAMENIAMREJ","0","2015-04-11","WO(B)","CHET","24C8","","94384 D'AMORE MEADOWS BLOCKLAND TL55 8PM WEST GLAMORGAN","(N/A) FOOTBALLER","","KRAIGVIEW COUNTY COURT 845 OF 2015","","",""
"2015-04-15 01:43:49.538372","2915","","GREBNETIERBN","0","2015-06-03","WO(B)","SIERRAREUBE","26C6","","2520 STEUBER SPRINGS GAGEBURY NORTH CELIA HG46 3NL POWYS","(N/A) AKA SIERRA BREITENBERG CUSTOMS OFFICER","","SOUTH DELORESFORT COUNTY COURT 715 OF 2015","","",""
"2015-05-11 10:55:29.777987","2236","","GNIDNUKNAECN","0","2015-07-08","WO(B)","MIKAYLAVA","27C5","","86182 DELFINA FOREST MADELINESTAD WOLFCHESTER SJ39 6PQ COUNTY FERMANAGH","(N/A) AKA VANCE MIKAYLA ROSENBAUM AKA MIKAYLA WIZA DOORMAN","","NORTH OBIE COUNTY COURT 367 OF 2015","","",""
"2015-02-12 22:48:30.746583","2319","","NAHANOMAHTIB","0","2014-08-15","PA(B)","MALLIETA","26C7","","5775 HALEY COURT LAKE SYDNIELAND NORTH NONA GH76 6YT BUCKINGHAMSHIRE","(N/A) AIRCRAFT ENGINEER","","TRISHAFORT COUNTY COURT 240 OF 2015","","",""
"2015-06-28 13:11:19.865718","2029","","SALGUODELCAR","0","2015-05-10","PA(B)","ABIGAYLEMI","28C7","","38781 GRAYSON RAMP PORT SHERMANHAVEN OK28 4QA DYFED","(N/A) AKA ABIGAYLE KAUTZER DEBT COLLECTOR","","LEFFLERSIDE COUNTY COURT 934 OF 2015","","",""
"2015-01-22 22:06:18.663464","2903","","TTOBBAUNAEKF","0","2015-05-16","PA(B)","OLA","24C5","","5828 MOSE VALLEY EAST JESUS WEST JOELLESIDE MK72 1JX WEST YORKSHIRE","(N/A) AKA KEANU OLAF ABBOTT AKA MARLENE ABBOTT ENGINEER","","SOUTH LEXI COUNTY COURT 314 OF 2015","","",""
"2014-09-10 11:52:19.846640","2056","","TFIWSYHPRUMA","0","2015-04-15","PA(B)","LETITI","27C6","","47904 LARRY MANORS NEW ELIANETOWN QR56 4XL RUTLAND","(N/A) AKA MURPHY LETITIA SWIFT AKA MURPHY LETITIA HOEGER DOORMAN","","KUNDESIDE COUNTY COURT 691 OF 2015","","",""
"2015-06-22 12:48:33.714213","2057","","TTAYHYDOKARO","0","2014-11-12","WO(B)","LAFAYETTEZ","2924C4","","8560 LITTLE HARBORS SOUTH ANTWAN NEW SAULVIEW ER07 9DF LOTHIAN","(N/A) SCIENTIST","","GRADYFURT COUNTY COURT 554 OF 2015","","",""
"2015-01-26 00:15:36.215955","2912","","KCUAHALLIWAT","0","2014-07-11","PA(B)","NIKI","26C5","","6556 HOEGER LOAF AUGUSTUSFORT VX16 8YP GREATER MANCHESTER","(N/A) AKA NIKITA HAUCK AKA MARCELLA SCHOEN DISC JOCKEY","","PORT DARIANTON COUNTY COURT 427 OF 2015","","",""
"2014-11-22 03:36:08.569132","2208","","SGNIMMUCEPIL","0","2015-06-05","PA(B)","FE","C6","","2454 LESLIE ROADS PORT LEONTOWN GI65 5BM BEDFORDSHIRE","(N/A) MERCHANT NAVY PERSONNEL","","PORT JESSY COUNTY COURT 448 OF 2015","","",""
"2015-06-18 00:35:31.264411","2581","","FFLOWNODROGY","0","2014-11-28","WO(B)","RO","23C6","","65229 CHESLEY RADIAL LAKE KESHAWN CW75 6GQ SURREY","(N/A) AKA ROY WOLFF DENTAL HYGIENIST","","NEW SHYANN COUNTY COURT 493 OF 2015","","",""
"2014-09-28 14:53:05.134252","2216","","NOSNIKLIWONI","0","2015-02-11","PA(B)","G","C4","","84233 JERDE MEADOW EAST EDYTHTON KUHICFURT SU04 6WT WEST GLAMORGAN","(N/A) AKA CANDELARIO WUNSCH AKA GERALDINE WILKINSON CLERICAL ASSISTANT","","MICAELABOROUGH COUNTY COURT 746 OF 2015","","",""
"2014-12-19 21:05:27.834779","2887","","NAGOBACSICNA","0","2014-12-12","WO(B)","STEWARTFR","27C9","","57660 KEEBLER LOCKS EAST KIANATON EAST MARILOU HY78 2NU DYFED","(N/A) CREMATORIUM WORKER","","SOUTH EARNESTINE COUNTY COURT 793 OF 2015","","",""
"2014-11-14 15:07:59.799254","2040","","ANORCDNOMHCI","0","2014-12-17","PA(B)","R","C8","","3912 BERNHARD ROADS CURTMOUTH PAGACTON DY45 2EF CORNWALL","(N/A) AKA ANDREANNE CRONA AKA DREW CRONA MATHEMATICIAN","","LAKE JAN COUNTY COURT 140 OF 2015","","",""
"2014-12-28 11:59:31.339341","2002","","SORUOPYENTIH","0","2014-08-24","WO(B)","CIERRAW","26C7","","5518 LUEILWITZ PASS COLLIERVIEW MARIANBOROUGH EG48 3BG COUNTY FERMANAGH","(N/A) T/AS INDIGOZAP AS CROUPIER","","OBERBRUNNERSIDE COUNTY COURT 205 OF 2015","","",""
"2014-07-22 14:42:17.805440","2025","","NOZTIUQYRREG","0","2014-10-03","PA(B)","FRANCO","26C5","","377 SCHOEN POINTS NORTH SHAWN EAST ELVAMOUTH TG75 7DR STRATHCLYDE","(N/A) AKA FRANCO QUITZON DELIVERY DRIVER","","MADIECHESTER COUNTY COURT 905 OF 2015","","",""
"2015-05-28 16:53:08.116153","2075","","NOTSIMREHDLA","0","2015-01-07","PA(B)","MACIEARCHIB","25C9","","36245 SAVANNA LOCKS ANASTASIALAND EV27 6SO NORFOLK","(N/A) AKA ARCHIBALD MACIE KLEIN AKA VALENTINA CREMIN CHILDMINDER","","KLOCKOTOWN COUNTY COURT 447 OF 2015","","",""
"2014-09-25 14:35:38.922382","2554","","YEVRAHENNAIV","0","2015-06-07","WO(B)","EARLVI","24C8","","4837 MELANY LAND THERESIABURY PORT CATHERINETOWN XY81 5TW GRAMPIAN","(N/A) AKA VIVIANNE EARL HARVEY BLACKSMITH","","KERLUKEVILLE COUNTY COURT 830 OF 2015","","",""
"2015-03-16 04:44:01.482804","2223","","KCABLIKNYLLE","0","2014-08-23","PA(B)","FRITZLLEW","25C9","","8491 PREDOVIC MALL PORT DANGELOMOUTH QD12 3SN SOMERSET","(N/A) AKA LLEWELLYN FRITZ KILBACK DIETICIAN","","TURNERBURY COUNTY COURT 944 OF 2015","","",""
"2015-03-31 07:14:08.085429","2955","","NAYRTTERBYTI","0","2015-02-13","WO(B)","FELIC","28C5","","98451 GARFIELD LOCKS CORWINBERG PW77 3WY MERSEYSIDE","(N/A) DELIVERY DRIVER","","NORTH GEORGIANNA COUNTY COURT 255 OF 2015","","",""
"2015-06-06 23:10:51.004728","2366","","TSIRCHARAS","0","2014-11-22","WO(B)","","C5","","4701 AMIR COMMON NORTH MARJORIEHAVEN HX11 6AW SURREY","(N/A) AKA BRAYAN CRIST PSYCHOLOGIST","","LAKE SOPHIE COUNTY COURT 659 OF 2015","","",""
"2015-03-15 19:41:14.148931","2592","","CIVOKJECAMYD","0","2014-09-06","PA(B)","JAYLONMELO","26C6","","785 MATHILDE SKYWAY PACOCHABERG NL16 3TO NORFOLK","(N/A) AKA MAX WEISSNAT CATERING STAFF","","NORTH ALANNABOROUGH COUNTY COURT 199 OF 2015","","",""
"2014-08-12 18:12:35.285243","2220","","HCLEWANITSIR","0","2014-09-08","PA(B)","GREGGCH","25C9","","455 SMITH ESTATES NICKLAUSCHESTER HV37 9JJ GLOUCESTERSHIRE","(N/A) MORTICIAN","","LUBOWITZLAND COUNTY COURT 450 OF 2015","","",""
"2014-10-03 15:28:44.041424","2773","","HCSTIRFCIREN","0","2014-08-04","PA(B)","AIDA","25C4","","9957 EFFERTZ RIVER NORTH JAYCEEFURT RI74 0YN CLWYD","(N/A) T/A DENTODAX","","JAMEYTON COUNTY COURT 637 OF 2015","","",""
"2015-04-10 23:16:12.134815","2028","","RENNOCOESIOL","0","2015-06-30","PA(B)","E","C661","","8329 CONCEPCION MILL WEST DELPHIAFURT CG21 9CU ESSEX","(N/A) BOOK-KEEPER","","BUDHAVEN COUNTY COURT 779 OF 2015","","",""
"2014-10-21 15:35:05.130021","2816","","RENNURBREBOE","0","2015-04-09","PA(B)","OTTOMONSERRAT","24CA","","247 BRYCE COVE WEST CASEY DQ62 6CA GWENT","(N/A) CIVIL SERVANT","","HETTIETOWN COUNTY COURT 295 OF 2015","","",""
"2015-01-12 13:44:26.137888","2039","","NIKRALANID","0","2014-10-06","PA(B)","","C4","","92487 LILIANA PLAIN NEW LEANN LAKE JASONBERG MR86 3KK STAFFORDSHIRE","(N/A) AUDITOR","","KSHLERINSHIRE COUNTY COURT 148 OF 2015","","",""
"2015-04-28 11:07:45.817558","2838","","SORGELKNIPNO","0","2015-04-05","PA(B)","CAMR","26C4","","68968 PROHASKA LODGE KEELINGPORT IR83 3YF WEST SUSSEX","(N/A) AKA CAMRON BOYER COMPUTER PROGRAMMER","","DEJUANMOUTH COUNTY COURT 961 OF 2015","","",""
"2014-12-22 23:34:15.523166","2807","","NAMYWREMISAC","0","2015-07-05","PA(B)","","C7","","87183 ABBOTT STATION NORTH CARLIE KE41 9IJ NOTTINGHAMSHIRE","(N/A) AKA EFFIE TROMP AKA KALEIGH WYMAN CREMATORIUM WORKER","","ALVINABURGH COUNTY COURT 136 OF 2015","","",""
"2015-02-24 18:06:49.411865","2959","","NINORCEIDUAM","0","2014-07-28","WO(B)","TRACY","25C6","","6297 METZ PRAIRIE MORISSETTESTAD NEW ILENE LI65 0RC BORDERS","(N/A) AKA TRACY CRONIN ASSEMBLY LINE WORKER","","HILMACHESTER COUNTY COURT 382 OF 2015","","",""
"2014-09-07 20:17:33.752252","2741","","NHAGOREIDDEY","0","2014-10-22","PA(B)","CORTNE","27C5","","8300 MACEJKOVIC WELLS HOMENICKTOWN NEW AUBREE LI71 3XP CENTRAL","(N/A) AKA CORTNEY ROGAHN T/AS FIXSIL-DAX AS PSYCHOLOGIST","","NORTH DEMETRIS COUNTY COURT 58 OF 2015","","",""
"2015-04-17 01:30:22.867309","2015","","REBRAHECREIP","0","2015-06-28","WO(B)","JEANIE","26C6","","597 CATHARINE CIRCLES PORT BABY EG83 2RE DEVON","(N/A) AKA JEANIE DOYLE AKA PIERCE JEANIE HARBER TAXI DRIVER","","DARIONFORT COUNTY COURT 103 OF 2015","","",""
"2014-12-23 16:59:12.917383","2737","","ITTELOTRABAT","0","2015-05-05","PA(B)","RE","C4","","54058 KEYSHAWN AVENUE WEST JOSIEVILLE CV76 2QO LEICESTERSHIRE","(N/A) AKA MOSHE BARTOLETTI AUDITOR","","EAST CATHRYNTOWN COUNTY COURT 470 OF 2015","","",""
"2014-10-27 10:43:58.451123","2974","","RELHOKEATNOE","0","2015-01-31","WO(B)","D","C7","","973 HEGMANN CREEK MARIAMSIDE CLOVISPORT QC52 2RI NORTHAMPTONSHIRE","(N/A) AKA FRANCISCA KOHLER AKA JERRELL KOHLER ARCHIVIST","","REINGERBERG COUNTY COURT 10 OF 2015","","",""
"2014-12-10 13:43:42.707197","2786","","KACNOBZADEER","0","2015-04-24","PA(B)","F","C6","","58201 CONOR MISSION SOUTH PATIENCEBURGH BV45 8DH KENT","(N/A) AKA ZACKERY ZBONCAK AKA BARON GOTTLIEB TYPIST","","MYRLBURGH COUNTY COURT 940 OF 2015","","",""
"2014-12-17 00:59:13.442633","2375","","ETTOCRUTIASI","0","2015-06-21","PA(B)","","C4","","106 KUNZE FORKS CAROLSHIRE OJ63 5CO FIFE","(N/A) AKA AUDRA TURCOTTE SPORTS COACH","","ARNOLDOMOUTH COUNTY COURT 657 OF 2015","","",""
"2015-04-09 00:25:32.019822","2655","","YNAZCROGADAJ","0","2015-06-29","PA(B)","MAGDALENA","29C4","","79928 MARIANA GATEWAY EAST LILA DARRINVILLE QB59 8LU KENT","(N/A) FOOTBALLER","","EAST CIELO COUNTY COURT 749 OF 2015","","",""
"2014-07-19 14:20:48.362103","2805","","YOTASSIRAC","0","2014-09-17","WO(B)","","C7","","907 BEAULAH ORCHARD CUMMERATATOWN KN88 4XS BUCKINGHAMSHIRE","(N/A) AKA ROSSIE TOY AKA LAURA TOY CREMATORIUM WORKER","","QUINTENHAVEN COUNTY COURT 486 OF 2015","","",""
"2015-03-20 17:13:40.731328","2866","","DROLYAGANOIF","0","2014-10-09","PA(B)","","C5","","683 TRACE LAND LAKE LOMA WG70 1HU SOUTH GLAMORGAN","(N/A) AKA MARCOS GAYLORD AKA JOSIE GAYLORD LOCK KEEPER","","SCHAMBERGERSTAD COUNTY COURT 818 OF 2015","","",""
"2015-03-07 10:06:59.545230","2194","","YALBMERTADAV","0","2015-04-18","WO(B)","DAISHACASSANDRELA","2629C6","","97916 ROMAINE OVAL HEATHCOTEFORT SM61 9BC GWENT","(N/A) AKA DAISHA TREMBLAY CLERGYMAN","","PORT ERICKABURGH COUNTY COURT 693 OF 2015","","",""
"2015-05-06 17:27:53.156542","2086","","TSIRCNYRMAK","0","2014-08-24","PA(B)","","C6","","4905 RACHEL FORK BAUCHMOUTH NORTH JEROMEFORT VU65 8LJ COUNTY FERMANAGH","(N/A) AKA DEAN CRIST PATHOLOGIST","","LAKE BREANAPORT COUNTY COURT 545 OF 2015","","",""
"2015-04-17 05:19:50.482980","2645","","ELYODALLIMAC","0","2015-05-22","WO(B)","","C7","","117 WENDY VISTA PORT NAMEFURT VP24 0PH NORTHUMBERLAND","(N/A) TATTOOIST","","NELLATON COUNTY COURT 705 OF 2015","","",""
"2014-07-29 08:34:58.264484","2616","","ZITRODEER","0","2014-07-27","PA(B)","","C4","","22826 HOPPE ISLAND NORTH ROSELYNBURGH WEST LUCILEBURGH YF57 8SJ DUMFRIES AND GALLOWAY","(N/A) AKA TESSIE ORTIZ BUILDING LABOURER","","EAST ZELLABURGH COUNTY COURT 411 OF 2015","","",""
"2015-03-18 20:43:15.164392","2830","","GNIDNUKNAYOL","0","2014-08-24","WO(B)","F","C4","","4740 LABADIE CLUB LAKE VALERIESIDE TAYASTAD SM23 1TL GWYNEDD COUNTY","(N/A) AKA RICARDO ANKUNDING BAGGAGE HANDLER","","GRADYTON COUNTY COURT 439 OF 2015","","",""
"2014-10-18 13:31:38.890160","2251","","NISORTSLEUNA","0","2015-03-28","PA(B)","EMM","C8","","2378 SCHMIDT PORTS NORTH ALLISON KR08 8GG LOTHIAN","(N/A) LIGHTHOUSE KEEPER","","NORTH JASPER COUNTY COURT 233 OF 2015","","",""
"2014-08-21 12:35:40.108432","2392","","RAROMRENNATN","0","2014-08-20","PA(B)","KAMRY","26C6","","54878 MEDHURST VISTA SOUTH SAGEHAVEN PORT CANDIDO XF11 5QG COUNTY TYRONE","(N/A) AKA KAMRYN MORAR AKA TANNER KAMRYN MORAR TAILOR","","BAILEYCHESTER COUNTY COURT 500 OF 2015","","",""
"2014-07-23 03:07:29.714164","2642","","LEBORANILORA","0","2014-08-03","WO(B)","NINAC","24C8","","668 O'HARA RIVER NEW SELENABURGH STAMMVILLE LM34 0XA MERSEYSIDE","(N/A) AKA GAVIN ROBEL DELIVERY DRIVER","","MEDHURSTHAVEN COUNTY COURT 679 OF 2015","","",""
"2014-07-24 05:51:54.076720","2059","","YDARGANNAHSU","0","2014-10-15","WO(B)","ERNESTINACORNELI","2929C5","","2580 ERIC POINT HACKETTTOWN LH68 2GD SOUTH GLAMORGAN","(N/A) ANAESTHETIST","","NORTH RICKEY COUNTY COURT 433 OF 2015","","",""
"2015-05-26 05:52:59.321218","2576","","NAHAEBEICISU","0","2015-02-03","PA(B)","LEX","25C4","","20715 HORACE DALE LANGOSHSHIRE TL85 0ON CENTRAL","(N/A) AKA ICIE LEXUS BEAHAN COSTUME DESIGNER","","SOUTH CHAZ COUNTY COURT 49 OF 2015","","",""
"2014-08-24 10:24:20.386413","2910","","MAHTIMSNOSKC","0","2014-08-02","WO(B)","JA","C7","","53046 BENNETT VILLE HILPERTVIEW BORERTON SH61 5QH POWYS","(N/A) AKA GENESIS MACEJKOVIC AKA BENNY SMITHAM CIRCUS WORKER","","CARROLLSTAD COUNTY COURT 138 OF 2015","","",""
"2014-10-29 05:32:44.543275","2559","","RHOMLYHTENAG","0","2015-01-20","PA(B)","REA","26C5","","865 LYNCH PARK RICEMOUTH BF01 7LO WORCESTERSHIRE","(N/A) AROMATHERAPIST","","JAKUBOWSKIBERG COUNTY COURT 91 OF 2015","","",""
"2015-06-03 20:47:04.546248","2739","","SINOMISNYDRO","0","2015-06-22","PA(B)","DELTAJ","25C6","","22765 MOHR STREAM NEW SANFORD HOYTVILLE HK77 2ED LANCASHIRE","(N/A) AKA DELTA SIMONIS REPORTER","","LOWEHAVEN COUNTY COURT 286 OF 2015","","",""
"2015-04-12 20:44:22.113592","2120","","TSILUHCSAIAK","0","2014-07-31","PA(B)","GUISEPPE","28C4","","889 WINDLER MANOR EAST MUHAMMADBOROUGH XE25 9OX DYFED","(N/A) ADVERTISING EXECUTIVE","","WEST CRAIG COUNTY COURT 149 OF 2015","","",""
"2014-12-09 19:00:56.361205","2727","","RELDNIWNAHTE","0","2015-06-10","PA(B)","","C5","","4377 KALEY HARBORS MOHAMMADFURT FERMINMOUTH BB94 2LL COUNTY FERMANAGH","(N/A) AKA RODRICK FLATLEY AKA KARINA WINDLER ENGINEER","","NEW RANDALL COUNTY COURT 283 OF 2015","","",""
"2014-07-11 23:34:38.295684","2609","","HCSELNOLRAM","0","2014-08-07","PA(B)","","C6","","29214 JAMEL CREST KARLEYMOUTH IU15 6XM CLWYD","(N/A) AKA JEANNE LESCH MANAGEMENT CONSULTANT","","WILLARDSIDE COUNTY COURT 398 OF 2015","","",""
"2015-06-12 05:00:45.656184","2221","","REIMROCNEDAK","0","2014-09-24","PA(B)","DOMENICA","28C5","","812 SCHOEN VIADUCT EAST BRIDGETBOROUGH WJ84 1QS CUMBRIA","(N/A) MACHINIST","","HENRYVILLE COUNTY COURT 509 OF 2015","","",""
"2014-10-17 07:21:45.363135","2592","","HCIREMMEYELR","0","2014-08-05","PA(B)","IRMABU","24C6","","102 MALIKA GARDENS BEAHANVILLE YV42 8AC NOTTINGHAMSHIRE","(N/A) AKA ALEK EMMERICH COMPUTER ANALYST","","LINDSIDE COUNTY COURT 421 OF 2015","","",""
"2014-12-31 19:07:16.190647","2121","","EIZNEKCMHAVI","0","2014-10-09","PA(B)","DANIELA","27C4","","71480 CELINE RAPIDS WEST KOLBY MV68 8XD SUFFOLK","(N/A) AKA DANIELA ORN AKA DANIELA MCKENZIE PEST CONTROLLER","","LAKE MELVINASHIRE COUNTY COURT 773 OF 2015","","",""
"2014-07-26 21:34:53.585837","2374","","TSOYAYMAEILI","0","2014-09-30","WO(B)","OTT","27C4","","730 DARRELL FLAT REICHELMOUTH KP09 1QK CAMBRIDGESHIRE","(N/A) AKA OTTILIE VANDERVORT AKA OTTILIE YOST ANAESTHETIST","","WIZALAND COUNTY COURT 984 OF 2015","","",""
"2014-11-08 11:21:40.796579","2551","","TREYAMTTEHRO","0","2015-06-07","WO(B)","ROSARI","27C5","","47650 STREICH LANE EAST CORDIE VEUMTOWN HQ77 5NW SHROPSHIRE","(N/A) AKA ROSARIO MAYERT ANAESTHETIST","","NORTH TOREY COUNTY COURT 204 OF 2015","","",""
"2015-06-18 04:32:28.496797","2194","","TREBBIDELLEI","0","2014-11-18","PA(B)","ULICESMAR","26C8","","2611 SCHOWALTER CURVE SOUTH HADLEYFORT NORTH SHAYLEESHIRE DL52 9LA DUMFRIES AND GALLOWAY","(N/A) TEACHING ASSISTANT","","ERYNCHESTER COUNTY COURT 641 OF 2015","","",""
"2015-02-04 01:33:47.550423","2450","","NHUKNNYLEDAM","0","2014-09-09","WO(B)","","C8","","968 LEA RUE PORT WALTER JF61 2JI SOUTH GLAMORGAN","(N/A) AKA ASSUNTA KUHN AUDITOR","","RITCHIEBOROUGH COUNTY COURT 75 OF 2015","","",""
"2015-03-08 22:27:46.634617","2483","","TREBEDYOLCNY","0","2015-02-01","PA(B)","KAITL","27C5","","6218 MYRA PARKS CONSIDINETON NK25 8YD CHESHIRE","(N/A) AKA HENRI DANIEL AKA NORVAL EBERT COUNSELLOR","","TORPVILLE COUNTY COURT 659 OF 2015","","",""
"2015-04-26 06:02:51.928184","2712","","NNAMHCIEODRA","0","2015-04-21","PA(B)","LAMONTEVER","26C8","","117 ABBY WAY NEW OCIE XU56 4KI SOMERSET","(N/A) AKA EVERARDO LAMONT EICHMANN AKA LEONIE EICHMANN TOUR GUIDE","","NORTH ANNETTAFORT COUNTY COURT 882 OF 2015","","",""
"2014-08-22 13:47:29.584220","2572","","RELLEUMATTAY","0","2015-03-24","WO(B)","VERNKEN","24C8","","719 HINTZ INLET WEST KARIANNE IG33 7CJ COUNTY ANTRIM","(N/A) AKA EDMOND MUELLER AKA VERN MUELLER SAILOR","","NORTH JESSICA COUNTY COURT 973 OF 2015","","",""
"2015-01-13 06:03:24.978312","2217","","DROLYAGECITS","0","2015-07-05","PA(B)","JU","C7","","17361 RICE PORT NORTH ORLOBURY WEST KATRINA TE34 8VD DORSET","(N/A) AKA KHALIL GAYLORD AKA MAXINE GAYLORD BODYGUARD","","LAKE ROSEBURGH COUNTY COURT 206 OF 2015","","",""
"2015-01-17 08:21:20.421277","2259","","ZTIWLIEULEIT","0","2014-09-22","WO(B)","DAMONSCOT","25C7","","3644 VALLIE RIDGES NEW MERLINTON AQ45 5YR RUTLAND","(N/A) WINDOW CLEANER","","NORTH TESSIE COUNTY COURT 32 OF 2015","","",""
"2015-02-18 02:21:31.235650","2282","","NNAMEIZENAER","0","2014-12-23","WO(B)","DERECKAND","26C8","","88864 MURIEL RUE NORTH MCKENZIE QE28 6MT COUNTY FERMANAGH","(N/A) AKA ARNE ZIEMANN AKA ARA ZIEMANN SURGEON","","MCKENZIEMOUTH COUNTY COURT 860 OF 2015","","",""
"2015-05-18 11:05:45.824822","2180","","RESNREADIERF","0","2015-03-04","WO(B)","JUSTINA","27C6","","45170 MERRITT PORTS SHANAHANMOUTH XU44 0PM DORSET","(N/A) AKA JUSTINA BAILEY MAGISTRATE","","JAYDENVIEW COUNTY COURT 634 OF 2015","","",""
"2015-02-28 12:33:21.096287","2117","","REIEBNAILLIL","0","2015-05-15","WO(B)","ELBERT","26C7","","21783 KRISTIN FREEWAY PORT BIRDIE BD29 3SJ GWENT","(N/A) AKA ELBERT BEIER AKA LILLIAN ELBERT BEIER PRODUCER","","ESTAPORT COUNTY COURT 132 OF 2015","","",""
"2015-01-06 22:27:12.518810","2386","","NAMLLITANEJN","0","2015-05-06","WO(B)","VIOLAMILA","2525C4","","928 VALERIE ISLANDS PORT CELESTINOSTAD PS65 7ND NOTTINGHAMSHIRE","(N/A) AKA BENNY TILLMAN LIFT ENGINEER","","KATTIEBURY COUNTY COURT 39 OF 2015","","",""
"2014-10-27 07:34:43.870884","2760","","SIRKNALCEDAT","0","2014-11-06","WO(B)","VICEN","27C6","","5220 RATKE ROADS NORTH BENNIELAND MJ50 7TL MID GLAMORGAN","(N/A) AKA VICENTA KRIS AKA DECLAN VICENTA KRIS CHAUFFEUR","","SAUERBURY COUNTY COURT 23 OF 2015","","",""
"2015-03-22 10:48:39.611659","2743","","NAMREHATNUSS","0","2014-09-29","PA(B)","A","C7","","18980 ABERNATHY LODGE PORT LILYANTOWN II67 4VR MERSEYSIDE","(N/A) CHIROPODIST","","EAST LILYBURY COUNTY COURT 466 OF 2015","","",""
"2014-12-15 17:42:38.870201","2872","","SUALOKINDRAW","0","2014-08-25","WO(B)","JOAN","24C4","","7383 JEROD VILLAGES PADBERGPORT YS70 5DL GLOUCESTERSHIRE","(N/A) AKA WARD JOAN HEIDENREICH ANTHROPOLOGIST","","NORTH SHANIEVILLE COUNTY COURT 493 OF 2015","","",""
"2014-12-27 08:04:38.290517","2405","","KCUAHANILATA","0","2015-01-12","PA(B)","MYAC","23C8","","63731 VANDERVORT FIELDS PORT ALICIAFORT OE63 7WN RUTLAND","(N/A) DIPLOMAT","","MAGGIOFURT COUNTY COURT 554 OF 2015","","",""
"2015-05-18 00:26:01.287357","2034","","NILPMAHCENAJ","0","2015-05-26","PA(B)","EDMOND","26C4","","33913 STRACKE SQUARE BINSMOUTH PB74 0IO WEST MIDLANDS","(N/A) AKA CHRISTY CHAMPLIN UNEMPLOYED","","LAKE PHILIP COUNTY COURT 357 OF 2015","","",""
"2014-07-14 06:25:08.357815","2961","","HCTUKSENGA","0","2014-09-09","WO(B)","","C5","","7726 WELLINGTON MEWS SOUTH JORDAN HB51 2IF COUNTY TYRONE","(N/A) AKA KELLY KUTCH PUBLICAN","","MALLORYBERG COUNTY COURT 302 OF 2015","","",""
"2014-09-17 07:36:46.665458","2128","","NEURBNOTAEKE","0","2015-01-14","WO(B)","LAFAYETT","29C6","","87040 SCHMITT GROVE NEW KAVONFORT EX31 7NE CENTRAL","(N/A) AKA LAFAYETTE NIENOW AKA DELFINA BRUEN CURATOR","","PORT KRISTINAMOUTH COUNTY COURT 910 OF 2015","","",""
"2015-01-17 13:36:23.648745","2101","","NYAWASEICULH","0","2015-05-16","PA(B)","JOS","24C5","","900 BEDNAR GLEN NEW HOUSTON YP86 4BB NORTH YORKSHIRE","(N/A) COMPOSER","","SCHUSTERBURY COUNTY COURT 61 OF 2015","","",""
"2015-06-01 03:04:47.543247","2921","","RELFFELENIML","0","2015-04-23","PA(B)","HELLENMADELINEWILHE","2628CA","","93295 EVIE ISLANDS NORTH SHANIEBURY KUNZELAND IX40 6CQ STAFFORDSHIRE","(N/A) AKA MADELINE HELLEN SCHILLER AKA HELLEN LEFFLER INTERIOR DESIGNER","","PORT CAMRENVIEW COUNTY COURT 512 OF 2015","","",""
"2014-08-01 16:27:38.377195","2366","","ZTREMREBMAAN","0","2015-03-29","WO(B)","GIOVAN","28C5","","146 DALE PARKWAYS LAKE JACKLYN KQ12 4UD WORCESTERSHIRE","(N/A) AKA GIOVANNA MERTZ LOCAL GOVT WORKER","","SOUTH JOANNIE COUNTY COURT 850 OF 2015","","",""
"2014-12-09 04:12:19.407802","2048","","REVOLGYDERFE","0","2015-02-11","WO(B)","WILHELMIN","2AC5","","8997 HANE FORT SOUTH VILMA THADHAVEN FD28 3FE WEST MIDLANDS","(N/A) AKA WILHELMINE GLOVER ILLUSTRATOR","","PORT GARNETT COUNTY COURT 961 OF 2015","","",""
"2014-12-04 02:39:17.883779","2284","","SNIBNANEEK","0","2015-01-18","WO(B)","","C6","","97592 TOWNE FOREST HORTENSECHESTER RYANMOUTH RV60 6YX HUMBERSIDE","(N/A) AKA ISOM BINS ART CRITIC","","KUNDETON COUNTY COURT 523 OF 2015","","",""
"2015-03-03 20:46:25.769038","2065","","REIEBINDYS","0","2014-07-12","WO(B)","","C5","","4446 SPINKA TUNNEL ESTRELLACHESTER BARTHOLOMEBERG MA64 1JW HEREFORDSHIRE","(N/A) CONSERVATIONIST","","SOUTH DEIONBOROUGH COUNTY COURT 228 OF 2015","","",""
"2015-02-22 07:49:22.358333","2917","","SDLONYERACIS","0","2015-02-23","PA(B)","MARCELLAJES","28C7","","1675 GULGOWSKI DALE PORT ROSLYN TREMBLAYBURGH KE40 8UD POWYS","(N/A) AKA MARCELLA REYNOLDS CIVIL SERVANT","","MOZELLBURGH COUNTY COURT 809 OF 2015","","",""
"2014-07-24 05:26:44.442589","2965","","LIEFAHTELTRE","0","2015-04-09","WO(B)","HUB","26C5","","3011 SCHNEIDER SPRINGS LAKE GERRYMOUTH NEW EARLENEBERG RE36 5UQ TYNE AND WEAR","(N/A) ACCOUNTANT","","HANEVIEW COUNTY COURT 212 OF 2015","","",""
"2014-12-07 14:07:19.370012","2511","","REYOBOICNERO","0","2014-10-24","PA(B)","HERMANNFL","27C9","","77564 FEIL ISLANDS LAKE ADA PI51 2YT HUMBERSIDE","(N/A) COMPUTER ANALYST","","WEST ROSETTAPORT COUNTY COURT 659 OF 2015","","",""
"2014-08-02 16:31:41.433566","2781","","ACISTAWADLIT","0","2014-11-23","PA(B)","BRIDGETTEMA","29C7","","27007 DARIANA GLEN EDGARDOVIEW AL44 9IK WEST GLAMORGAN","(N/A) AKA NATHEN WATSICA AKA MATILDA BRIDGETTE WATSICA PATHOLOGIST","","NEW GUIDOBOROUGH COUNTY COURT 34 OF 2015","","",""
"2015-02-08 08:14:37.865645","2324","","NNOCEILLEKRE","0","2014-09-03","WO(B)","TYL","25C6","","615 JOHNSON OVERPASS EAST LAURETTABOROUGH SOUTH KEENANSTAD CX81 0NT WEST SUSSEX","(N/A) DOMESTIC STAFF","","ORALMOUTH COUNTY COURT 510 OF 2015","","",""
"2014-11-13 07:51:58.555429","2829","","NAHAEBYNAHSL","0","2014-09-17","WO(B)","MYR","24C5","","51569 MAYA CIRCLE DALTONFORT MARLENSHIRE AL03 3RA TAYSIDE","(N/A) MAKE-UP ARTIST","","SOUTH CARLEELAND COUNTY COURT 338 OF 2015","","",""
"2015-01-10 10:05:17.470379","2906","","EPPOHEIMMOTM","0","2014-10-06","WO(B)","AKEE","25C6","","7185 ROBERTS REST ANNABELCHESTER SCHOWALTERBURGH WJ77 6WU KENT","(N/A) AKA TOMMIE AKEEM HOPPE AKA TOMMIE AKEEM CRIST DOMESTIC STAFF","","LAKE DELIA COUNTY COURT 801 OF 2015","","",""
"2014-09-24 22:21:45.835343","2533","","ELOCEITTOL","0","2014-09-12","PA(B)","","C6","","439 MANN HAVEN MADGEBURY CB14 9FE HERTFORDSHIRE","(N/A) AKA BELLA COLE AKA BROOKLYN COLE SPEECH THERAPIST","","SOUTH RANDY COUNTY COURT 663 OF 2015","","",""
"2015-02-11 01:45:33.549353","2650","","LLLIHYLDARBN","0","2014-08-25","WO(B)","BRAYA","26C6","","79061 SCHIMMEL SQUARES RYANFORT ERNIESHIRE TL50 2KF COUNTY TYRONE","(N/A) AKA BRADLY BRAYAN DICKI MEDICAL STUDENT","","LAKE MATHIASBURY COUNTY COURT 396 OF 2015","","",""
